[{"pos_x": 96.19, "pos_y": -76.92, "rotation": 0.0, "side": "top", "designator": "J2", "mpn": null, "pack": "BarrelJack_Horizontal", "value": "Barrel_Jack_MountingPin", "mount_type": "tht", "place": true}, {"pos_x": 165.45, "pos_y": -63.68, "rotation": 0.0, "side": "top", "designator": "REF**", "mpn": null, "pack": "MountingHole_3.2mm_M3", "value": "MountingHole_3.2mm_M3", "mount_type": "tht", "place": false}, {"pos_x": 93.48, "pos_y": -101.15, "rotation": 0.0, "side": "top", "designator": "REF**", "mpn": null, "pack": "MountingHole_3.2mm_M3", "value": "MountingHole_3.2mm_M3", "mount_type": "tht", "place": false}, {"pos_x": 105.372685, "pos_y": -98.585464, "rotation": 0.0, "side": "top", "designator": "G***", "mpn": null, "pack": "LOGO", "value": "LOGO", "mount_type": "tht", "place": false}, {"pos_x": 100.16, "pos_y": -76.8, "rotation": -90.0, "side": "top", "designator": "R1", "mpn": null, "pack": "R_Axial_DIN0207_L6.3mm_D2.5mm_P7.62mm_Horizontal", "value": "15K", "mount_type": "tht", "place": true}, {"pos_x": 150.17, "pos_y": -77.78, "rotation": 90.0, "side": "top", "designator": "XA1", "mpn": null, "pack": "Arduino_Nano_Socket", "value": "Arduino_Nano_Socket", "mount_type": "tht", "place": true}, {"pos_x": 123.49, "pos_y": -104.24, "rotation": 90.0, "side": "top", "designator": "J5", "mpn": null, "pack": "PinHeader_1x08_P2.54mm_Vertical", "value": "Conn_01x08_Socket", "mount_type": "tht", "place": true}, {"pos_x": 101.4, "pos_y": -65.2, "rotation": 0.0, "side": "top", "designator": "SW1", "mpn": null, "pack": "SW_DIP_SPSTx01_Slide_6.7x4.1mm_W7.62mm_P2.54mm_LowProfile", "value": "SW_DIP_x01", "mount_type": "tht", "place": true}, {"pos_x": 97.33, "pos_y": -65.15, "rotation": 180.0, "side": "top", "designator": "J1", "mpn": null, "pack": "PinHeader_1x02_P2.54mm_Vertical", "value": "Conn_01x02_Pin", "mount_type": "tht", "place": true}, {"pos_x": 123.52, "pos_y": -89.0, "rotation": 90.0, "side": "top", "designator": "J4", "mpn": null, "pack": "PinHeader_1x08_P2.54mm_Vertical", "value": "Conn_01x08_Socket", "mount_type": "tht", "place": true}, {"pos_x": 146.41, "pos_y": -103.84, "rotation": 0.0, "side": "top", "designator": "MOTOR 2", "mpn": null, "pack": "TerminalBlock_RND_205-00001_1x02_P5.00mm_Horizontal", "value": "MOTORB", "mount_type": "tht", "place": true}, {"pos_x": 157.93, "pos_y": -103.84, "rotation": 0.0, "side": "top", "designator": "MOTOR 1", "mpn": null, "pack": "TerminalBlock_RND_205-00001_1x02_P5.00mm_Horizontal", "value": "Screw_Terminal_01x02", "mount_type": "tht", "place": true}, {"pos_x": 92.695, "pos_y": -89.535, "rotation": 0.0, "side": "top", "designator": "POWER1", "mpn": null, "pack": "LED_D5.0mm", "value": "LED", "mount_type": "tht", "place": true}, {"pos_x": 145.6, "pos_y": -66.2, "rotation": 90.0, "side": "top", "designator": "J7", "mpn": null, "pack": "PinHeader_1x03_P2.54mm_Vertical", "value": "Servo", "mount_type": "tht", "place": true}, {"pos_x": 163.74, "pos_y": -83.52, "rotation": 180.0, "side": "top", "designator": "D8", "mpn": null, "pack": "LED_D5.0mm", "value": "LED", "mount_type": "tht", "place": true}, {"pos_x": 163.74, "pos_y": -73.0, "rotation": 180.0, "side": "top", "designator": "D7", "mpn": null, "pack": "LED_D5.0mm", "value": "LED", "mount_type": "tht", "place": true}, {"pos_x": 139.87, "pos_y": -66.2, "rotation": -90.0, "side": "top", "designator": "J6", "mpn": null, "pack": "PinHeader_1x03_P2.54mm_Vertical", "value": "Sharp", "mount_type": "tht", "place": true}]