[{"pos_x": 115.062, "pos_y": -138.066, "rotation": -90.0, "side": "top", "designator": "D7", "mpn": null, "pack": "LED_D5.0mm", "value": "LED", "mount_type": "tht", "place": true}, {"pos_x": 44.45, "pos_y": -153.162, "rotation": 0.0, "side": "top", "designator": "G***", "mpn": null, "pack": "LOGO", "value": "LOGO", "mount_type": "tht", "place": false}, {"pos_x": 46.482, "pos_y": -129.799, "rotation": 180.0, "side": "top", "designator": "J1", "mpn": null, "pack": "PinHeader_1x02_P2.54mm_Vertical", "value": "Conn_01x02_Pin", "mount_type": "tht", "place": true}, {"pos_x": 63.62, "pos_y": -127.208, "rotation": 0.0, "side": "top", "designator": "J3", "mpn": null, "pack": "JST_EH_B4B-EH-A_1x04_P2.50mm_Vertical", "value": "Conn_01x04_Socket", "mount_type": "tht", "place": true}, {"pos_x": 89.916, "pos_y": -127.508, "rotation": 90.0, "side": "top", "designator": "J7", "mpn": null, "pack": "PinHeader_1x03_P2.54mm_Vertical", "value": "Servo", "mount_type": "tht", "place": true}, {"pos_x": 115.994, "pos_y": -127.276, "rotation": 0.0, "side": "top", "designator": "REF**", "mpn": null, "pack": "MountingHole_3.2mm_M3", "value": "MountingHole_3.2mm_M3", "mount_type": "tht", "place": false}, {"pos_x": 106.72, "pos_y": -167.886, "rotation": 0.0, "side": "top", "designator": "MOTORA1", "mpn": null, "pack": "TerminalBlock_RND_205-00001_1x02_P5.00mm_Horizontal", "value": "Screw_Terminal_01x02", "mount_type": "tht", "place": true}, {"pos_x": 67.818, "pos_y": -152.4, "rotation": 90.0, "side": "top", "designator": "J4", "mpn": null, "pack": "PinHeader_1x08_P2.54mm_Vertical", "value": "Conn_01x08_Socket", "mount_type": "tht", "place": true}, {"pos_x": 44.024, "pos_y": -164.746, "rotation": 0.0, "side": "top", "designator": "REF**", "mpn": null, "pack": "MountingHole_3.2mm_M3", "value": "MountingHole_3.2mm_M3", "mount_type": "tht", "place": false}, {"pos_x": 46.482, "pos_y": -137.922, "rotation": -90.0, "side": "top", "designator": "J2", "mpn": null, "pack": "BarrelJack_GCT_DCJ200-10-A_Horizontal", "value": "Barrel_Jack_MountingPin", "mount_type": "tht", "place": true}, {"pos_x": 82.55, "pos_y": -127.508, "rotation": -90.0, "side": "top", "designator": "J6", "mpn": null, "pack": "PinHeader_1x03_P2.54mm_Vertical", "value": "Sharp", "mount_type": "tht", "place": true}, {"pos_x": 95.036, "pos_y": -167.886, "rotation": 0.0, "side": "top", "designator": "MOTORB1", "mpn": null, "pack": "TerminalBlock_RND_205-00001_1x02_P5.00mm_Horizontal", "value": "Screw_Terminal_01x02", "mount_type": "tht", "place": true}, {"pos_x": 100.853, "pos_y": -127.508, "rotation": 90.0, "side": "top", "designator": "J8", "mpn": null, "pack": "PinHeader_1x03_P2.54mm_Vertical", "value": "IR Remote Sensor", "mount_type": "tht", "place": true}, {"pos_x": 115.062, "pos_y": -144.919, "rotation": -90.0, "side": "top", "designator": "D8", "mpn": null, "pack": "LED_D5.0mm", "value": "LED", "mount_type": "tht", "place": true}, {"pos_x": 109.22, "pos_y": -139.446, "rotation": 90.0, "side": "top", "designator": "XA1", "mpn": null, "pack": "Arduino_Nano_Socket", "value": "Arduino_Nano_Socket", "mount_type": "tht", "place": true}, {"pos_x": 67.818, "pos_y": -166.956, "rotation": 90.0, "side": "top", "designator": "J5", "mpn": null, "pack": "PinHeader_1x08_P2.54mm_Vertical", "value": "Conn_01x08_Socket", "mount_type": "tht", "place": true}, {"pos_x": 55.666, "pos_y": -136.652, "rotation": 0.0, "side": "top", "designator": "SW1", "mpn": null, "pack": "Rocker_Switch", "value": "SW_DIP_x01", "mount_type": "tht", "place": true}]