[{"pos_x": 114.808, "pos_y": -92.456, "rotation": 0.0, "side": "top", "designator": "SW1", "mpn": null, "pack": "Rocker_Switch", "value": "SW_DIP_x01", "mount_type": "tht", "place": true}, {"pos_x": 105.41, "pos_y": -117.094, "rotation": 0.0, "side": "top", "designator": "", "mpn": null, "pack": "", "value": "", "mount_type": "tht", "place": true}, {"pos_x": 179.578, "pos_y": -77.216, "rotation": 0.0, "side": "top", "designator": "", "mpn": null, "pack": "", "value": "", "mount_type": "tht", "place": true}, {"pos_x": 151.384, "pos_y": -118.618, "rotation": 0.0, "side": "top", "designator": "MOTORB1", "mpn": null, "pack": "TerminalBlock_RND_205-00001_1x02_P5.00mm_Horizontal", "value": "Screw_Terminal_01x02", "mount_type": "tht", "place": true}, {"pos_x": 163.068, "pos_y": -118.618, "rotation": 0.0, "side": "top", "designator": "MOTORA1", "mpn": null, "pack": "TerminalBlock_RND_205-00001_1x02_P5.00mm_Horizontal", "value": "Screw_Terminal_01x02", "mount_type": "tht", "place": true}, {"pos_x": 124.166, "pos_y": -117.688, "rotation": 90.0, "side": "top", "designator": "J5", "mpn": null, "pack": "PinHeader_1x08_P2.54mm_Vertical", "value": "Conn_01x08_Socket", "mount_type": "tht", "place": true}, {"pos_x": 124.166, "pos_y": -103.132, "rotation": 90.0, "side": "top", "designator": "J4", "mpn": null, "pack": "PinHeader_1x08_P2.54mm_Vertical", "value": "Conn_01x08_Socket", "mount_type": "tht", "place": true}, {"pos_x": 108.712, "pos_y": -107.442, "rotation": 0.0, "side": "top", "designator": "G***", "mpn": null, "pack": "LOGO", "value": "LOGO", "mount_type": "tht", "place": false}, {"pos_x": 171.9305, "pos_y": -90.17, "rotation": 90.0, "side": "top", "designator": "XA1", "mpn": null, "pack": "Arduino_Nano_Socket", "value": "Arduino_Nano_Socket", "mount_type": "tht", "place": true}, {"pos_x": 138.445, "pos_y": -77.978, "rotation": 90.0, "side": "top", "designator": "J7", "mpn": null, "pack": "PinHeader_1x03_P2.54mm_Vertical", "value": "Sharp", "mount_type": "tht", "place": true}, {"pos_x": 166.878, "pos_y": -77.978, "rotation": -90.0, "side": "top", "designator": "J6", "mpn": null, "pack": "PinHeader_1x03_P2.54mm_Vertical", "value": "Sharp", "mount_type": "tht", "place": true}, {"pos_x": 149.606, "pos_y": -77.978, "rotation": 90.0, "side": "top", "designator": "J3", "mpn": null, "pack": "PinHeader_1x03_P2.54mm_Vertical", "value": "Sharp", "mount_type": "tht", "place": true}, {"pos_x": 107.188, "pos_y": -93.584, "rotation": -90.0, "side": "top", "designator": "J2", "mpn": null, "pack": "BarrelJack_GCT_DCJ200-10-A_Horizontal", "value": "Barrel_Jack_MountingPin", "mount_type": "tht", "place": true}, {"pos_x": 107.188, "pos_y": -83.058, "rotation": 180.0, "side": "top", "designator": "J1", "mpn": null, "pack": "PinHeader_1x02_P2.54mm_Vertical", "value": "Conn_01x02_Pin", "mount_type": "tht", "place": true}, {"pos_x": 176.276, "pos_y": -96.007, "rotation": -90.0, "side": "top", "designator": "D8", "mpn": null, "pack": "LED_D5.0mm", "value": "LED", "mount_type": "tht", "place": true}, {"pos_x": 176.276, "pos_y": -80.513, "rotation": -90.0, "side": "top", "designator": "D7", "mpn": null, "pack": "LED_D5.0mm", "value": "LED", "mount_type": "tht", "place": true}]