[{"pos_x": 160.888932, "pos_y": -55.109732, "rotation": 0.0, "side": "top", "designator": "REF**", "mpn": null, "pack": "MountingHole_3.2mm_M3", "value": "MountingHole_3.2mm_M3", "mount_type": "tht", "place": false}, {"pos_x": 88.918932, "pos_y": -92.579732, "rotation": 0.0, "side": "top", "designator": "REF**", "mpn": null, "pack": "MountingHole_3.2mm_M3", "value": "MountingHole_3.2mm_M3", "mount_type": "tht", "place": false}, {"pos_x": 152.146, "pos_y": -67.9704, "rotation": 90.0, "side": "top", "designator": "XA1", "mpn": null, "pack": "Arduino_Nano_Socket", "value": "Arduino_Nano_Socket", "mount_type": "tht", "place": true}, {"pos_x": 91.1352, "pos_y": -67.1068, "rotation": -90.0, "side": "top", "designator": "J2", "mpn": null, "pack": "BarrelJack_GCT_DCJ200-10-A_Horizontal", "value": "Barrel_Jack_MountingPin", "mount_type": "tht", "place": true}, {"pos_x": 105.2576, "pos_y": -54.61, "rotation": -90.0, "side": "top", "designator": "C1", "mpn": null, "pack": "CP_Radial_D5.0mm_P2.50mm", "value": "C_Small", "mount_type": "tht", "place": true}, {"pos_x": 133.096, "pos_y": -79.0956, "rotation": 90.0, "side": "top", "designator": "J3", "mpn": null, "pack": "PinHeader_1x08_P2.54mm_Vertical", "value": "Conn_01x08_Socket", "mount_type": "tht", "place": true}, {"pos_x": 133.096, "pos_y": -94.3356, "rotation": 90.0, "side": "top", "designator": "J4", "mpn": null, "pack": "PinHeader_1x08_P2.54mm_Vertical", "value": "Conn_01x08_Socket", "mount_type": "tht", "place": true}, {"pos_x": 112.8644, "pos_y": -55.4228, "rotation": 90.0, "side": "top", "designator": "J7", "mpn": null, "pack": "PinHeader_1x08_P2.54mm_Vertical", "value": "Conn_01x08_Socket", "mount_type": "tht", "place": true}, {"pos_x": 159.8676, "pos_y": -74.676, "rotation": 0.0, "side": "top", "designator": "D1", "mpn": null, "pack": "LED_D5.0mm", "value": "LED", "mount_type": "tht", "place": true}, {"pos_x": 90.932, "pos_y": -60.0456, "rotation": 180.0, "side": "top", "designator": "J1", "mpn": null, "pack": "PinHeader_1x02_P2.54mm_Vertical", "value": "Conn_01x02_Pin", "mount_type": "tht", "place": true}, {"pos_x": 108.5888, "pos_y": -95.7072, "rotation": 0.0, "side": "top", "designator": "MOTORB1", "mpn": null, "pack": "TerminalBlock_RND_205-00001_1x02_P5.00mm_Horizontal", "value": "Screw_Terminal_01x02", "mount_type": "tht", "place": true}, {"pos_x": 96.9772, "pos_y": -65.7352, "rotation": 0.0, "side": "top", "designator": "SW1", "mpn": null, "pack": "SW_DIP_SPSTx01_Slide_6.7x4.1mm_W7.62mm_P2.54mm_LowProfile", "value": "SW_DIP_x01", "mount_type": "tht", "place": true}, {"pos_x": 120.0296, "pos_y": -95.5976, "rotation": 0.0, "side": "top", "designator": "MOTORA1", "mpn": null, "pack": "TerminalBlock_RND_205-00001_1x02_P5.00mm_Horizontal", "value": "Screw_Terminal_01x02", "mount_type": "tht", "place": true}, {"pos_x": 135.5852, "pos_y": -54.3052, "rotation": 0.0, "side": "top", "designator": "J6", "mpn": null, "pack": "JST_PH_B3B-PH-K_1x03_P2.00mm_Vertical", "value": "Sharp", "mount_type": "tht", "place": true}, {"pos_x": 144.8816, "pos_y": -54.2544, "rotation": 0.0, "side": "top", "designator": "J5", "mpn": null, "pack": "JST_PH_B3B-PH-K_1x03_P2.00mm_Vertical", "value": "Sharp", "mount_type": "tht", "place": true}]